{"cameraMode":{"drawMode":0,"name":"Shaded","section":"Shading Mode"},"sceneLighting":true,"audioPlay":false,"sceneViewState":{"showFog":true,"showMaterialUpdate":false,"showSkybox":true,"showFlares":true,"showImageEffects":true,"showParticleSystems":true},"in2DMode":false,"pivot":{"x":-10.186279296875,"y":-0.2287883758544922,"z":-3.896972179412842},"rotation":{"x":-0.13603390753269196,"y":-0.7859055995941162,"z":0.18634410202503205,"w":-0.573713481426239},"size":36.742408752441409,"orthographic":false}