{"cameraMode":{"drawMode":0,"name":"Shaded","section":"Shading Mode"},"sceneLighting":false,"audioPlay":false,"sceneViewState":{"showFog":true,"showMaterialUpdate":false,"showSkybox":false,"showFlares":true,"showImageEffects":true,"showParticleSystems":true},"in2DMode":false,"pivot":{"x":1.503000020980835,"y":0.5149999856948853,"z":-1.9140000343322755},"rotation":{"x":0.14176370203495027,"y":-0.8518247008323669,"z":0.40865594148635867,"w":0.29550838470458987},"size":0.000057235301937907934,"orthographic":false}