{"cameraMode":{"drawMode":0,"name":"Shaded","section":"Shading Mode"},"sceneLighting":false,"audioPlay":false,"sceneViewState":{"showFog":true,"showMaterialUpdate":false,"showSkybox":true,"showFlares":true,"showImageEffects":true,"showParticleSystems":true},"in2DMode":false,"pivot":{"x":1.1228116750717164,"y":1.4669958353042603,"z":1.6126983165740967},"rotation":{"x":-0.016101783141493799,"y":0.978249192237854,"z":-0.08936380594968796,"w":-0.18798504769802094},"size":4.514355182647705,"orthographic":false}