{"cameraMode":{"drawMode":0,"name":"Shaded","section":"Shading Mode"},"sceneLighting":false,"audioPlay":false,"sceneViewState":{"showFog":true,"showMaterialUpdate":false,"showSkybox":false,"showFlares":true,"showImageEffects":true,"showParticleSystems":true},"in2DMode":false,"pivot":{"x":217.36050415039063,"y":121.99620056152344,"z":-253.9351348876953},"rotation":{"x":-0.03702119365334511,"y":0.8999406695365906,"z":-0.0779465064406395,"w":-0.42740610241889956},"size":10.438257217407227,"orthographic":false}