{"cameraMode":{"drawMode":0,"name":"Shaded","section":"Shading Mode"},"sceneLighting":false,"audioPlay":false,"sceneViewState":{"showFog":true,"showMaterialUpdate":false,"showSkybox":false,"showFlares":true,"showImageEffects":true,"showParticleSystems":true},"in2DMode":false,"pivot":{"x":0.0,"y":3.557000160217285,"z":0.8684999942779541},"rotation":{"x":0.14176370203495027,"y":-0.8518247008323669,"z":0.40865594148635867,"w":0.29550838470458987},"size":5.841071605682373,"orthographic":false}