{"cameraMode":{"drawMode":0,"name":"Shaded","section":"Shading Mode"},"sceneLighting":false,"audioPlay":false,"sceneViewState":{"showFog":true,"showMaterialUpdate":false,"showSkybox":false,"showFlares":true,"showImageEffects":true,"showParticleSystems":true},"in2DMode":false,"pivot":{"x":-12.797550201416016,"y":29.59125328063965,"z":-1.767547607421875},"rotation":{"x":0.14176370203495027,"y":-0.8518247008323669,"z":0.40865594148635867,"w":0.29550838470458987},"size":121.65263366699219,"orthographic":false}