{"cameraMode":{"drawMode":0,"name":"Shaded","section":"Shading Mode"},"sceneLighting":false,"audioPlay":false,"sceneViewState":{"showFog":true,"showMaterialUpdate":false,"showSkybox":true,"showFlares":true,"showImageEffects":true,"showParticleSystems":true},"in2DMode":false,"pivot":{"x":1.6935763359069825,"y":1.0157666206359864,"z":2.8097519874572756},"rotation":{"x":0.21702785789966584,"y":0.4631388485431671,"z":-0.11552383005619049,"w":0.8515008091926575},"size":6.35822057723999,"orthographic":false}