{"cameraMode":{"drawMode":0,"name":"Shaded","section":"Shading Mode"},"sceneLighting":false,"audioPlay":false,"sceneViewState":{"showFog":true,"showMaterialUpdate":false,"showSkybox":false,"showFlares":true,"showImageEffects":true,"showParticleSystems":true},"in2DMode":false,"pivot":{"x":4.9213786125183109,"y":2.495544195175171,"z":0.657120943069458},"rotation":{"x":-0.02152292989194393,"y":0.9610639214515686,"z":-0.07831644266843796,"w":-0.2641197741031647},"size":4.830301761627197,"orthographic":false}