{"cameraMode":{"drawMode":0,"name":"Shaded","section":"Shading Mode"},"sceneLighting":false,"audioPlay":false,"sceneViewState":{"showFog":true,"showMaterialUpdate":false,"showSkybox":false,"showFlares":true,"showImageEffects":true,"showParticleSystems":true},"in2DMode":false,"pivot":{"x":0.039622023701667789,"y":5.220460414886475,"z":7.11014461517334},"rotation":{"x":-0.08918308466672898,"y":-0.4055604636669159,"z":0.03978504613041878,"w":-0.908851683139801},"size":5.214845180511475,"orthographic":false}