{"cameraMode":{"drawMode":0,"name":"Shaded","section":"Shading Mode"},"sceneLighting":false,"audioPlay":false,"sceneViewState":{"showFog":true,"showMaterialUpdate":false,"showSkybox":false,"showFlares":true,"showImageEffects":true,"showParticleSystems":true},"in2DMode":false,"pivot":{"x":-0.8549806475639343,"y":0.6676723957061768,"z":0.29840803146362307},"rotation":{"x":0.016366230323910714,"y":-0.9829726219177246,"z":0.10986886918544769,"w":0.14647214114665986},"size":5.389881610870361,"orthographic":false}