{"cameraMode":{"drawMode":0,"name":"Shaded","section":"Shading Mode"},"sceneLighting":false,"audioPlay":false,"sceneViewState":{"showFog":true,"showMaterialUpdate":false,"showSkybox":true,"showFlares":true,"showImageEffects":true,"showParticleSystems":true},"in2DMode":false,"pivot":{"x":0.4314574599266052,"y":1.6544603109359742,"z":1.1399407386779786},"rotation":{"x":0.05695059895515442,"y":-0.9430676698684692,"z":0.22508971393108369,"w":0.2383275181055069},"size":5.755450248718262,"orthographic":false}