{"cameraMode":{"drawMode":0,"name":"Shaded","section":"Shading Mode"},"sceneLighting":false,"audioPlay":false,"sceneViewState":{"showFog":true,"showMaterialUpdate":false,"showSkybox":false,"showFlares":true,"showImageEffects":true,"showParticleSystems":true},"in2DMode":false,"pivot":{"x":223.47830200195313,"y":120.8865737915039,"z":-248.54318237304688},"rotation":{"x":0.05139714851975441,"y":-0.5359432101249695,"z":0.032598089426755908,"w":0.8421332240104675},"size":3.1383841037750246,"orthographic":false}