{"cameraMode":{"drawMode":0,"name":"Shaded","section":"Shading Mode"},"sceneLighting":false,"audioPlay":false,"sceneViewState":{"showFog":true,"showMaterialUpdate":false,"showSkybox":false,"showFlares":true,"showImageEffects":true,"showParticleSystems":true},"in2DMode":false,"pivot":{"x":216.75999450683595,"y":121.23029327392578,"z":-249.3300018310547},"rotation":{"x":-0.07580217719078064,"y":-0.1967008262872696,"z":0.015253490768373013,"w":-0.9774171113967896},"size":4.235144138336182,"orthographic":false}