{"cameraMode":{"drawMode":0,"name":"Shaded","section":"Shading Mode"},"sceneLighting":false,"audioPlay":false,"sceneViewState":{"showFog":true,"showMaterialUpdate":false,"showSkybox":false,"showFlares":true,"showImageEffects":true,"showParticleSystems":true},"in2DMode":false,"pivot":{"x":-9.9660005569458,"y":2.156379461288452,"z":6.113758563995361},"rotation":{"x":-0.0014995441306382418,"y":0.9937356114387512,"z":-0.11107227951288223,"w":-0.013428734615445137},"size":2.5417287349700929,"orthographic":false}