{"cameraMode":{"drawMode":0,"name":"Shaded","section":"Shading Mode"},"sceneLighting":false,"audioPlay":false,"sceneViewState":{"showFog":true,"showMaterialUpdate":false,"showSkybox":false,"showFlares":true,"showImageEffects":true,"showParticleSystems":true},"in2DMode":false,"pivot":{"x":-23.322065353393556,"y":5.06820821762085,"z":13.214703559875489},"rotation":{"x":-0.028975317254662515,"y":-0.4928915202617645,"z":0.016417456790804864,"w":-0.8694685101509094},"size":15.150303840637207,"orthographic":false}