{"cameraMode":{"drawMode":0,"name":"Shaded","section":"Shading Mode"},"sceneLighting":false,"audioPlay":false,"sceneViewState":{"showFog":true,"showMaterialUpdate":false,"showSkybox":false,"showFlares":true,"showImageEffects":true,"showParticleSystems":true},"in2DMode":false,"pivot":{"x":0.340118408203125,"y":0.989703893661499,"z":0.5},"rotation":{"x":-0.048123300075531009,"y":-0.9388325214385986,"z":-0.14679400622844697,"w":0.30778494477272036},"size":2.927060127258301,"orthographic":false}