{"cameraMode":{"drawMode":0,"name":"Shaded","section":"Shading Mode"},"sceneLighting":true,"audioPlay":false,"sceneViewState":{"showFog":true,"showMaterialUpdate":false,"showSkybox":true,"showFlares":true,"showImageEffects":true,"showParticleSystems":true},"in2DMode":false,"pivot":{"x":18.20574951171875,"y":-29.971160888671876,"z":16.6575927734375},"rotation":{"x":0.18173937499523164,"y":-0.32493820786476138,"z":0.06377483159303665,"w":0.9259430766105652},"size":1404.8060302734375,"orthographic":false}