{"cameraMode":{"drawMode":0,"name":"Shaded","section":"Shading Mode"},"sceneLighting":false,"audioPlay":false,"sceneViewState":{"showFog":true,"showMaterialUpdate":false,"showSkybox":true,"showFlares":true,"showImageEffects":true,"showParticleSystems":true},"in2DMode":false,"pivot":{"x":0.5027626156806946,"y":4.48859977722168,"z":-0.2467670440673828},"rotation":{"x":0.46917906403541567,"y":-0.019612863659858705,"z":0.010770593769848347,"w":0.8830391764640808},"size":1.3778409957885743,"orthographic":false}