{"cameraMode":{"drawMode":0,"name":"Shaded","section":"Shading Mode"},"sceneLighting":false,"audioPlay":false,"sceneViewState":{"showFog":true,"showMaterialUpdate":false,"showSkybox":false,"showFlares":true,"showImageEffects":true,"showParticleSystems":true},"in2DMode":false,"pivot":{"x":4.9213786125183109,"y":2.495544195175171,"z":0.657120943069458},"rotation":{"x":-0.056369442492723468,"y":0.9283763766288757,"z":-0.15774717926979066,"w":-0.3317466080188751},"size":3.6303014755249025,"orthographic":false}