{"cameraMode":{"drawMode":0,"name":"Shaded","section":"Shading Mode"},"sceneLighting":false,"audioPlay":false,"sceneViewState":{"showFog":true,"showMaterialUpdate":false,"showSkybox":true,"showFlares":true,"showImageEffects":true,"showParticleSystems":true},"in2DMode":false,"pivot":{"x":-7.026254177093506,"y":-3.8995864391326906,"z":12.18580150604248},"rotation":{"x":0.20750363171100617,"y":-0.22100824117660523,"z":0.08168618381023407,"w":0.949434220790863},"size":34.9787483215332,"orthographic":false}