{"cameraMode":{"drawMode":0,"name":"Shaded","section":"Shading Mode"},"sceneLighting":false,"audioPlay":false,"sceneViewState":{"showFog":true,"showMaterialUpdate":false,"showSkybox":false,"showFlares":true,"showImageEffects":true,"showParticleSystems":true},"in2DMode":false,"pivot":{"x":0.16007807850837708,"y":0.48128193616867068,"z":1.9552971124649048},"rotation":{"x":-0.24173450469970704,"y":0.7416346073150635,"z":-0.342206746339798,"w":-0.5238966941833496},"size":9.268036842346192,"orthographic":false}