{"cameraMode":{"drawMode":0,"name":"Shaded","section":"Shading Mode"},"sceneLighting":false,"audioPlay":false,"sceneViewState":{"showFog":true,"showMaterialUpdate":false,"showSkybox":true,"showFlares":true,"showImageEffects":true,"showParticleSystems":true},"in2DMode":false,"pivot":{"x":-0.09956216812133789,"y":0.6135587692260742,"z":-0.25134289264678957},"rotation":{"x":0.04879799857735634,"y":-0.9404461979866028,"z":0.29962679743766787,"w":0.15388119220733643},"size":7.637722492218018,"orthographic":false}