{"cameraMode":{"drawMode":0,"name":"Shaded","section":"Shading Mode"},"sceneLighting":false,"audioPlay":false,"sceneViewState":{"showFog":true,"showMaterialUpdate":false,"showSkybox":false,"showFlares":true,"showImageEffects":true,"showParticleSystems":true},"in2DMode":false,"pivot":{"x":-27.673852920532228,"y":-0.7896428108215332,"z":-4.195714473724365},"rotation":{"x":-0.03537099435925484,"y":0.8639116883277893,"z":-0.06127628684043884,"w":-0.49868035316467287},"size":21.372821807861329,"orthographic":false}