{"cameraMode":{"drawMode":0,"name":"Shaded","section":"Shading Mode"},"sceneLighting":false,"audioPlay":false,"sceneViewState":{"showFog":true,"showMaterialUpdate":false,"showSkybox":false,"showFlares":true,"showImageEffects":true,"showParticleSystems":true},"in2DMode":false,"pivot":{"x":219.32684326171876,"y":121.53340148925781,"z":-249.3887481689453},"rotation":{"x":-0.03702119365334511,"y":0.8999406695365906,"z":-0.0779465064406395,"w":-0.42740610241889956},"size":3.9697837829589845,"orthographic":false}