{"cameraMode":{"drawMode":0,"name":"Shaded","section":"Shading Mode"},"sceneLighting":false,"audioPlay":false,"sceneViewState":{"showFog":true,"showMaterialUpdate":false,"showSkybox":true,"showFlares":true,"showImageEffects":true,"showParticleSystems":true},"in2DMode":false,"pivot":{"x":1.045175552368164,"y":0.1615276336669922,"z":2.134572982788086},"rotation":{"x":0.056768257170915607,"y":0.8157272934913635,"z":-0.08129233121871948,"w":0.5699617266654968},"size":12.751188278198243,"orthographic":false}