{"cameraMode":{"drawMode":0,"name":"Shaded","section":"Shading Mode"},"sceneLighting":false,"audioPlay":false,"sceneViewState":{"showFog":true,"showMaterialUpdate":false,"showSkybox":false,"showFlares":true,"showImageEffects":true,"showParticleSystems":true},"in2DMode":false,"pivot":{"x":-2.2939281463623049,"y":-0.10544204711914063,"z":9.700345039367676},"rotation":{"x":-0.19022706151008607,"y":-0.30190202593803408,"z":0.06160789355635643,"w":-0.9321478009223938},"size":13.015729904174805,"orthographic":false}